{"cameraMode":{"drawMode":0,"name":"Shaded","section":"Shading Mode"},"sceneLighting":false,"audioPlay":false,"sceneViewState":{"m_AlwaysRefresh":false,"showFog":true,"showSkybox":false,"showFlares":true,"showImageEffects":true,"showParticleSystems":true,"showVisualEffectGraphs":true,"m_FxEnabled":true},"in2DMode":false,"pivot":{"x":4.890015602111816,"y":2.766911506652832,"z":25.447179794311525},"rotation":{"x":-0.007066120859235525,"y":0.6738470792770386,"z":0.005133136175572872,"w":0.7379985451698303},"size":1.941731333732605,"orthographic":false}