{"cameraMode":{"drawMode":0,"name":"Shaded","section":"Shading Mode"},"sceneLighting":false,"audioPlay":false,"sceneViewState":{"m_AlwaysRefresh":false,"showFog":true,"showSkybox":false,"showFlares":true,"showImageEffects":true,"showParticleSystems":true,"showVisualEffectGraphs":true,"m_FxEnabled":true},"in2DMode":false,"pivot":{"x":9.247300148010254,"y":-14.212990760803223,"z":29.294736862182618},"rotation":{"x":0.45878690481185915,"y":-0.03601560369133949,"z":0.01740027591586113,"w":0.8869589567184448},"size":12.071518898010254,"orthographic":false}