{"cameraMode":{"drawMode":0,"name":"Shaded","section":"Shading Mode"},"sceneLighting":false,"audioPlay":false,"sceneViewState":{"m_AlwaysRefresh":false,"showFog":true,"showSkybox":false,"showFlares":true,"showImageEffects":true,"showParticleSystems":true,"showVisualEffectGraphs":true,"m_FxEnabled":true},"in2DMode":false,"pivot":{"x":-8.306161880493164,"y":2.5963451862335207,"z":26.239763259887697},"rotation":{"x":0.06698710471391678,"y":0.6442487239837647,"z":-0.058063242584466937,"w":0.7588547468185425},"size":3.7747128009796144,"orthographic":false}