{"cameraMode":{"drawMode":0,"name":"Shaded","section":"Shading Mode"},"sceneLighting":false,"audioPlay":false,"sceneViewState":{"m_AlwaysRefresh":false,"showFog":true,"showSkybox":false,"showFlares":true,"showImageEffects":true,"showParticleSystems":true,"showVisualEffectGraphs":true,"m_FxEnabled":true},"in2DMode":false,"pivot":{"x":2.0623865127563478,"y":2.733733892440796,"z":25.83566665649414},"rotation":{"x":-0.002608241280540824,"y":0.7148106098175049,"z":0.0012027100892737508,"w":0.6984363198280335},"size":2.025214910507202,"orthographic":false}