{"cameraMode":{"drawMode":0,"name":"Shaded","section":"Shading Mode"},"sceneLighting":false,"audioPlay":false,"sceneViewState":{"m_AlwaysRefresh":false,"showFog":true,"showSkybox":false,"showFlares":true,"showImageEffects":true,"showParticleSystems":true,"showVisualEffectGraphs":true,"m_FxEnabled":true},"in2DMode":false,"pivot":{"x":-21.227954864501954,"y":1.6369494199752808,"z":20.80939483642578},"rotation":{"x":0.031715866178274158,"y":0.9190794229507446,"z":-0.38308167457580569,"w":0.07904058694839478},"size":2.3360557556152345,"orthographic":false}