{"cameraMode":{"drawMode":0,"name":"Shaded","section":"Shading Mode"},"sceneLighting":false,"audioPlay":false,"sceneViewState":{"m_AlwaysRefresh":false,"showFog":true,"showSkybox":false,"showFlares":true,"showImageEffects":true,"showParticleSystems":true,"showVisualEffectGraphs":true,"m_FxEnabled":true},"in2DMode":false,"pivot":{"x":16.239999771118165,"y":0.9233397245407105,"z":15.936217308044434},"rotation":{"x":0.06698710471391678,"y":0.6442487239837647,"z":-0.058063242584466937,"w":0.7588547468185425},"size":1.5949606895446778,"orthographic":false}