{"cameraMode":{"drawMode":0,"name":"Shaded","section":"Shading Mode"},"sceneLighting":false,"audioPlay":false,"sceneViewState":{"m_AlwaysRefresh":false,"showFog":true,"showSkybox":false,"showFlares":true,"showImageEffects":true,"showParticleSystems":true,"showVisualEffectGraphs":true,"m_FxEnabled":true},"in2DMode":false,"pivot":{"x":1.5640422105789185,"y":3.4934229850769045,"z":13.935834884643555},"rotation":{"x":0.06698710471391678,"y":0.6442487239837647,"z":-0.058063242584466937,"w":0.7588547468185425},"size":1.8101032972335816,"orthographic":false}