{"cameraMode":{"drawMode":0,"name":"Shaded","section":"Shading Mode"},"sceneLighting":false,"audioPlay":false,"sceneViewState":{"m_AlwaysRefresh":false,"showFog":true,"showSkybox":false,"showFlares":true,"showImageEffects":true,"showParticleSystems":true,"showVisualEffectGraphs":true,"m_FxEnabled":true},"in2DMode":false,"pivot":{"x":-3.9125194549560549,"y":2.9373881816864015,"z":14.263167381286621},"rotation":{"x":0.06698710471391678,"y":0.6442487239837647,"z":-0.058063242584466937,"w":0.7588547468185425},"size":0.8687919974327087,"orthographic":false}